timestamp,policy_files_tracked,total_diff_lines,semantic_changes,structural_changes,notes
2025-11-11T14:00:00+00:00,12,0,0,0,Initial baseline - no changes
2025-11-14T02:44:10+00:00,74,0,0,0,Daily policy scan
2025-11-15T02:28:53+00:00,74,0,0,0,Daily policy scan
2025-11-16T02:49:18+00:00,74,0,0,0,Daily policy scan
2025-11-17T02:46:00+00:00,74,0,0,0,Daily policy scan
2025-11-18T02:43:23+00:00,74,0,0,0,Daily policy scan
2025-11-19T02:43:30+00:00,74,0,0,0,Daily policy scan
2025-11-20T02:30:42+00:00,74,0,0,0,Daily policy scan
2025-11-21T02:42:30+00:00,74,0,0,0,Daily policy scan
2025-11-22T02:26:55+00:00,74,0,0,0,Daily policy scan
2025-11-23T02:57:53+00:00,74,0,0,0,Daily policy scan
2025-11-24T02:54:03+00:00,74,0,0,0,Daily policy scan
2025-11-25T02:45:54+00:00,74,0,0,0,Daily policy scan
2025-11-26T02:46:33+00:00,74,0,0,0,Daily policy scan
2025-11-27T02:43:35+00:00,74,0,0,0,Daily policy scan
2025-11-28T02:42:34+00:00,74,0,0,0,Daily policy scan
2025-11-29T02:41:34+00:00,74,0,0,0,Daily policy scan
2025-11-30T02:57:07+00:00,74,0,0,0,Daily policy scan
2025-12-01T03:08:32+00:00,74,0,0,0,Daily policy scan
2025-12-02T02:48:25+00:00,74,0,0,0,Daily policy scan
2025-12-03T02:47:49+00:00,74,0,0,0,Daily policy scan
2025-12-04T02:49:16+00:00,74,0,0,0,Daily policy scan
2025-12-05T02:49:19+00:00,74,0,0,0,Daily policy scan
2025-12-06T02:30:31+00:00,74,0,0,0,Daily policy scan
2025-12-07T02:57:39+00:00,74,0,0,0,Daily policy scan
2025-12-08T02:50:57+00:00,74,0,0,0,Daily policy scan
2025-12-09T02:48:59+00:00,74,0,0,0,Daily policy scan
2025-12-10T02:52:35+00:00,74,0,0,0,Daily policy scan
2025-12-11T02:54:29+00:00,74,0,0,0,Daily policy scan
2025-12-12T02:53:00+00:00,74,0,0,0,Daily policy scan
2025-12-13T02:45:21+00:00,74,0,0,0,Daily policy scan
2025-12-14T02:59:36+00:00,74,0,0,0,Daily policy scan
2025-12-15T02:59:26+00:00,74,0,0,0,Daily policy scan
2025-12-16T02:54:04+00:00,74,0,0,0,Daily policy scan
2025-12-17T02:50:05+00:00,74,0,0,0,Daily policy scan
2025-12-18T02:50:23+00:00,74,0,0,0,Daily policy scan
2025-12-19T02:53:29+00:00,74,0,0,0,Daily policy scan
2025-12-20T02:45:01+00:00,74,0,0,0,Daily policy scan
2025-12-21T02:59:59+00:00,74,0,0,0,Daily policy scan
2025-12-22T03:01:24+00:00,74,0,0,0,Daily policy scan
2025-12-23T02:55:40+00:00,74,0,0,0,Daily policy scan
2025-12-24T02:53:06+00:00,74,0,0,0,Daily policy scan
2025-12-25T02:56:03+00:00,74,0,0,0,Daily policy scan
2025-12-26T02:54:20+00:00,74,0,0,0,Daily policy scan
2025-12-27T02:51:27+00:00,74,0,0,0,Daily policy scan
2025-12-28T03:06:45+00:00,74,0,0,0,Daily policy scan
2025-12-29T03:07:18+00:00,74,0,0,0,Daily policy scan
2025-12-30T02:56:35+00:00,74,0,0,0,Daily policy scan
2025-12-31T02:55:59+00:00,74,0,0,0,Daily policy scan
2026-01-01T03:08:47+00:00,74,0,0,0,Daily policy scan
2026-01-02T02:59:14+00:00,74,0,0,0,Daily policy scan
2026-01-03T02:51:03+00:00,74,0,0,0,Daily policy scan
2026-01-04T03:09:42+00:00,74,0,0,0,Daily policy scan
2026-01-05T03:11:47+00:00,74,0,0,0,Daily policy scan
2026-01-06T02:58:32+00:00,74,0,0,0,Daily policy scan
2026-01-07T02:58:41+00:00,74,0,0,0,Daily policy scan
2026-01-08T02:58:20+00:00,74,0,0,0,Daily policy scan
2026-01-09T02:59:08+00:00,74,0,0,0,Daily policy scan
2026-01-10T02:53:06+00:00,74,0,0,0,Daily policy scan
2026-01-11T03:09:22+00:00,74,0,0,0,Daily policy scan
2026-01-12T03:07:20+00:00,74,0,0,0,Daily policy scan
2026-01-13T02:57:18+00:00,74,0,0,0,Daily policy scan
2026-01-14T03:05:20+00:00,74,0,0,0,Daily policy scan
2026-01-15T02:59:27+00:00,74,0,0,0,Daily policy scan
2026-01-16T03:00:11+00:00,74,0,0,0,Daily policy scan
2026-01-17T02:51:28+00:00,74,0,0,0,Daily policy scan
2026-01-18T03:07:07+00:00,74,0,0,0,Daily policy scan
2026-01-19T03:07:18+00:00,74,0,0,0,Daily policy scan
2026-01-20T03:01:58+00:00,74,0,0,0,Daily policy scan
2026-01-21T03:01:02+00:00,74,0,0,0,Daily policy scan
2026-01-22T03:05:43+00:00,74,0,0,0,Daily policy scan
2026-01-23T03:01:27+00:00,74,0,0,0,Daily policy scan
2026-01-24T02:55:40+00:00,74,0,0,0,Daily policy scan
2026-01-25T03:12:34+00:00,74,0,0,0,Daily policy scan
2026-01-26T03:14:02+00:00,74,0,0,0,Daily policy scan
